Taxa,Spp,totalSppPix,Rank
A,aABSAx,3235,2.0
A,aACSSx,23035633,164.0
A,aADSAx,1623192,82.0
A,aAGTOx,34261,11.0
A,aAMBUx,1064358178,275.0
A,aAMDSx,11422891,138.0
A,aAMTOx,891841035,271.0
A,aARSAx,18365730,156.0
A,aARTOx,8459046,130.0
A,aAZTOx,12439217,142.0
A,aAZTRx,13120242,145.0
A,aBAFRx,3292013,100.0
A,aBATRx,110526979,223.0
A,aBBSSx,21097659,159.0
A,aBCSAx,11961,6.0
A,aBCTRx,10061897,132.0
A,aBESAx,3438162,102.0
A,aBGCSx,94657,19.0
A,aBGSAx,210409,33.0
A,aBLASx,46382231,185.0
A,aBLSAx,2728,1.0
A,aBLTOx,10466,5.0
A,aBMSAx,1439870,74.0
A,aBOFRx,75341959,203.0
A,aBOTOx,232190244,247.0
A,aBRDSx,1169802,68.0
A,aBRFRx,22924318,163.0
A,aBRTSx,6127752,118.0
A,aBSNEx,1159258,67.0
A,aBSPSx,29781,10.0
A,aBTISx,201160583,239.0
A,aBUPSx,263928355,249.0
A,aBUTOx,6182576,119.0
A,aBVTRx,65534950,194.0
A,aBWRWx,15763,7.0
A,aCANEx,1459575,75.0
A,aCASAx,1314340,71.0
A,aCATOx,27946827,171.0
A,aCATRx,2288997,90.0
A,aCBSAx,35487,12.0
A,aCCFRx,3926172,106.0
A,aCCSAx,309557,37.0
A,aCFNEx,43420368,182.0
A,aCGSAx,5185240,112.0
A,aCGTRx,1227782641,278.0
A,aCHDSx,7106485,123.0
A,aCHSAx,158988,29.0
A,aCISSx,546923,45.0
A,aCKSAx,440621,42.0
A,aCLFRx,463294,44.0
A,aCLSAx,57365347,190.0
A,aCMDSx,1142661,65.0
A,aCMSAx,1679055,85.0
A,aCMTSx,2118939,88.0
A,aCOFRx,14489289,150.0
A,aCOGSx,8442314,129.0
A,aCOSAx,11567228,139.0
A,aCOSPx,745637944,268.0
A,aCPSAx,3529049,104.0
A,aCRFRx,33612209,177.0
A,aCRLFx,4278212,109.0
A,aCSFRx,12338343,140.0
A,aCSLSx,48552716,189.0
A,aCSMSx,5904228,117.0
A,aCTFRx,65888372,195.0
A,aCTGSx,12993024,143.0
A,aCTOSx,4536209,110.0
A,aCTRSx,5510967,114.0
A,aCUDSx,204256,31.0
A,aCUTRx,24779809,168.0
A,aCVSAx,224312720,245.0
A,aCWFRx,615357502,266.0
A,aCYTRx,46605238,187.0
A,aDASAx,1415058,72.0
A,aDBBSx,93743,18.0
A,aDGFRx,145588,28.0
A,aDNSAx,17319515,154.0
A,aDUSAx,10172628,133.0
A,aDWSAx,115086026,225.0
A,aDWWAx,21507003,160.0
A,aEANEx,614276400,265.0
A,aEASPx,545260260,262.0
A,aENMTx,1221117961,277.0
A,aENSAx,198257406,238.0
A,aERBSx,574634686,264.0
A,aETSAx,169976912,235.0
A,aFBFRx,415897,41.0
A,aFBSAx,270962,34.0
A,aFFSAx,22054448,161.0
A,aFMSAx,603698,50.0
A,aFOTOx,1792403642,279.0
A,aFTSAx,119880522,227.0
A,aFYLFx,23278936,165.0
A,aGBSAx,578745,47.0
A,aGBSPx,1082702408,276.0
A,aGCTOx,404666511,257.0
A,aGESAx,109665,21.0
A,aGGSAx,10875002,134.0
A,aGHFRx,96993781,214.0
A,aGMSSx,11401983,137.0
A,aGOFRx,30229402,172.0
A,aGPTOx,1891386192,280.0
A,aGRFRx,686637480,267.0
A,aGRSAx,42932003,181.0
A,aGRSIx,67463801,198.0
A,aGRTOx,570123268,263.0
A,aGRTRx,240965021,248.0
A,aGSALx,1123740,64.0
A,aGSSAx,14254656,148.0
A,aGUWAx,13501202,146.0
A,aGYTRx,523276236,261.0
A,aHELLx,12438926,141.0
A,aHHSSx,568016,46.0
A,aHOTOx,4094127,107.0
A,aHUSPx,210333129,241.0
A,aIGSAx,20473533,158.0
A,aILGRx,8230713,128.0
A,aIMSAx,128322,22.0
A,aINSAx,282448,35.0
A,aJESAx,30519238,174.0
A,aJMSAx,2663151,93.0
A,aJPSAx,73086,16.0
A,aJUSAx,597245,49.0
A,aKCSSx,762195,53.0
A,aKPSAx,784217,54.0
A,aKRSSx,2392238,91.0
A,aKSSAx,1157340,66.0
A,aLASAx,10915343,135.0
A,aLBTRx,443748,43.0
A,aLESIx,161687518,233.0
A,aLGFRx,96840408,213.0
A,aLISAx,399950,40.0
A,aLLFRx,978340,62.0
A,aLMSAx,7836237,125.0
A,aLSSAx,136689,27.0
A,aLTASx,401566263,256.0
A,aLTOPx,273937528,251.0
A,aMASAx,309956440,253.0
A,aMBSAx,2128933,89.0
A,aMCFRx,112659679,224.0
A,aMIFRx,74225715,202.0
A,aMLSAx,7387691,124.0
A,aMLYSx,878380,58.0
A,aMOSAx,131459587,229.0
A,aMRSAx,2723395,94.0
A,aMSSAx,77319248,204.0
A,aMUDPx,46090914,184.0
A,aMUSAx,90129475,209.0
A,aMWLFx,956882,61.0
A,aMXSPx,974476276,272.0
A,aMXTRx,6890227,121.0
A,aNCFRx,210511444,242.0
A,aNDSAx,80563956,206.0
A,aNDSIx,9366020,131.0
A,aNGCSx,3062451,98.0
A,aNJFRx,4967389,111.0
A,aNLFRx,88187650,207.0
A,aNOSAx,160622349,232.0
A,aNPTRx,129797626,228.0
A,aNRLFx,35975936,178.0
A,aNRSAx,44412842,183.0
A,aNRWAx,747541,52.0
A,aNSSAx,358983054,254.0
A,aNTLSx,105126207,219.0
A,aNZSAx,60415698,192.0
A,aOATOx,109425991,221.0
A,aOCFRx,69781630,200.0
A,aOCSAx,4126507,108.0
A,aOCSSx,1629607,83.0
A,aODSAx,1492751,76.0
A,aOKSAx,352689,39.0
A,aORFRx,1511805,78.0
A,aOSSAx,13941278,147.0
A,aOTAMx,10979806,136.0
A,aOTSAx,2885909,97.0
A,aOZSAx,31654738,175.0
A,aPBTRx,5294161,113.0
A,aPIFRx,304025305,252.0
A,aPIGFx,98145360,215.0
A,aPLFRx,104878615,218.0
A,aPLSPx,2124415605,281.0
A,aPMSAx,79969,17.0
A,aPOSAx,42199,13.0
A,aPWTRx,176597528,236.0
A,aPYSAx,2484082,92.0
A,aRBNEx,1439163,73.0
A,aRCSAx,1897565,87.0
A,aRESAx,57955082,191.0
A,aRFSAx,3161397,99.0
A,aRGCFx,5620456,115.0
A,aRGLFx,8104178,127.0
A,aRHSAx,289222,36.0
A,aRIFRx,32484419,176.0
A,aRISAx,103740769,217.0
A,aRLFRx,134440,26.0
A,aRLSAx,1562633,79.0
A,aRMSAx,1570753,80.0
A,aROTFx,40716580,179.0
A,aRSNEx,213293614,243.0
A,aRSSAx,339343,38.0
A,aRSTOx,1033153594,274.0
A,aSADSx,813840,55.0
A,aSASAx,62521,14.0
A,aSCFRx,133365500,230.0
A,aSCSAx,1293870,70.0
A,aSCSSx,3409867,101.0
A,aSDSAx,10430,4.0
A,aSDSIx,16600843,152.0
A,aSEASx,7873662,126.0
A,aSEESx,5674963,116.0
A,aSENEx,42675419,180.0
A,aSGCSx,7101276,122.0
A,aSGSSx,731781,51.0
A,aSGTOx,15279447,151.0
A,aSHFRx,27227595,169.0
A,aSHMSx,17706,9.0
A,aSHSAx,867049,57.0
A,aSITRx,22181707,162.0
A,aSLFRx,821410830,269.0
A,aSMFRx,2732970,95.0
A,aSMGSx,131734,24.0
A,aSMMSx,149405916,231.0
A,aSMSAx,66526,15.0
A,aSMSSx,1680736,86.0
A,aSMTSx,1263702,69.0
A,aSNSAx,1616156,81.0
A,aSNTOx,67596835,199.0
A,aSOASx,3600599,105.0
A,aSODSx,110111155,222.0
A,aSOFRx,67108817,196.0
A,aSOTOx,184636384,237.0
A,aSPCFx,907009,59.0
A,aSPDSx,79745359,205.0
A,aSPFRx,168546418,234.0
A,aSPOSx,391015465,255.0
A,aSPPEx,865295759,270.0
A,aSPRSx,46502493,186.0
A,aSQSAx,948808,60.0
A,aSQTRx,207603458,240.0
A,aSRBSx,91015357,211.0
A,aSRSAx,67342808,197.0
A,aSSLSx,852323,56.0
A,aSSMSx,30296532,173.0
A,aSSSSx,99553,20.0
A,aSSYSx,595378,48.0
A,aSTFRx,213588080,244.0
A,aSTLSx,273429116,250.0
A,aSTNEx,27533179,170.0
A,aSTOSx,17864212,155.0
A,aSTRSx,24390179,167.0
A,aSYLFx,132611,25.0
A,aSYSAx,2776126,96.0
A,aSZSAx,47945117,188.0
A,aTBSAx,3721,3.0
A,aTCSAx,17201983,153.0
A,aTESAx,1496477,77.0
A,aTETOx,423106839,260.0
A,aTHAMx,88463461,208.0
A,aTLSAx,118698834,226.0
A,aTSSAx,1121971,63.0
A,aTWAMx,60493892,193.0
A,aTXSAx,178741,30.0
A,aUCFRx,231701062,246.0
A,aVDSAx,6185429,120.0
A,aVFSAx,131428,23.0
A,aVRSAx,23832869,166.0
A,aWASAx,14340896,149.0
A,aWBSAx,19290739,157.0
A,aWCFRx,409199365,258.0
A,aWESPx,73297687,201.0
A,aWHSAx,109089834,220.0
A,aWLSAx,1648598,84.0
A,aWNMTx,1030688751,273.0
A,aWOFRx,415119894,259.0
A,aWOTOx,2731954959,282.0
A,aWRBSx,90751470,210.0
A,aWSSAx,95319668,212.0
A,aWSSSx,103439821,216.0
A,aWVSSx,16649,8.0
A,aWYTOx,205160,32.0
A,aYOSAx,13054513,144.0
A,aYOTOx,3499659,103.0
B,bABDUx,385604930,348.0
B,bABTOx,14947866,81.0
B,bACFLx,740326637,420.0
B,bACWOx,103780307,222.0
B,bALFLx,249425844,308.0
B,bALHUx,34462488,134.0
B,bALORx,10840751,66.0
B,bAMAVx,197690419,284.0
B,bAMBIx,611246373,408.0
B,bAMCOx,158887583,259.0
B,bAMCRx,4278373110,597.0
B,bAMDIx,61435053,178.0
B,bAMFLx,6581099,49.0
B,bAMGOx,4741017522,605.0
B,bAMKEx,5765058177,613.0
B,bAMOYx,27980168,121.0
B,bAMPIx,440518291,370.0
B,bAMREx,895666959,445.0
B,bAMROx,6567181765,616.0
B,bAMWIx,579326048,401.0
B,bAMWOx,2253711379,547.0
B,bANHIx,125609580,236.0
B,bANHUx,398175804,355.0
B,bANNIx,89814,6.0
B,bAPFAx,93013406,211.0
B,bARTEx,16658157,85.0
B,bARWOx,6129915,44.0
B,bASSPx,39669998,144.0
B,bATBRx,40750946,146.0
B,bATFLx,1793991625,523.0
B,bATPUx,2336168,32.0
B,bATSPx,3434669620,582.0
B,bATTWx,286733319,317.0
B,bAUORx,7849801,54.0
B,bAWPEx,209174598,292.0
B,bBACSx,114565951,229.0
B,bBADOx,932210342,453.0
B,bBAEAx,545637155,395.0
B,bBAGOx,36812418,136.0
B,bBAISx,230200977,301.0
B,bBANOx,3116639713,574.0
B,bBANSx,2162284698,542.0
B,bBAORx,1908112130,528.0
B,bBARSx,3304561220,579.0
B,bBAWWx,1226101009,484.0
B,bBBCUx,228718898,300.0
B,bBBEHx,57681516,176.0
B,bBBFLx,224413,13.0
B,bBBIHx,70583,3.0
B,bBBMAx,2001037339,533.0
B,bBBPLx,49927259,159.0
B,bBBWAx,152291683,253.0
B,bBBWDx,77255684,194.0
B,bBBWOx,417562911,363.0
B,bBCCHx,1009090895,461.0
B,bBCFLx,11818213,67.0
B,bBCHUx,408923837,359.0
B,bBCNHx,706192276,416.0
B,bBCNIx,7754744,53.0
B,bBCRFx,17320505,89.0
B,bBCSPx,327997563,331.0
B,bBCTIx,224957509,297.0
B,bBCVIx,129014005,238.0
B,bBEKIx,1333156140,498.0
B,bBETHx,415566404,362.0
B,bBEVIx,348252703,336.0
B,bBEWRx,856452054,440.0
B,bBGGNx,2453865580,555.0
B,bBHCOx,2760980232,566.0
B,bBHGRx,948307595,456.0
B,bBHNUx,215229300,294.0
B,bBHVIx,459315956,375.0
B,bBITHx,8821617,63.0
B,bBLBWx,263808275,310.0
B,bBLGRx,2494496519,556.0
B,bBLGUx,14028604,78.0
B,bBLJAx,2164309774,543.0
B,bBLOYx,1525786,27.0
B,bBLPHx,88713954,207.0
B,bBLPWx,19280072,99.0
B,bBLRAx,28407488,123.0
B,bBLRFx,1033689591,465.0
B,bBLSCx,8169221,57.0
B,bBLSKx,42411275,147.0
B,bBLSWx,52841701,166.0
B,bBLTEx,81488185,200.0
B,bBLTUx,860486,21.0
B,bBLVUx,1548749576,513.0
B,bBNSTx,72433822,185.0
B,bBOBOx,1314150229,494.0
B,bBOCHx,122299267,233.0
B,bBOGUx,370383029,343.0
B,bBOOWx,307369107,328.0
B,bBOSPx,20417927,105.0
B,bBOWAx,1004653749,460.0
B,bBRACx,54061470,170.0
B,bBRBLx,4020865174,592.0
B,bBRCRx,2958301999,570.0
B,bBRJAx,200095,11.0
B,bBRNOx,72984,4.0
B,bBROCx,179541030,274.0
B,bBRPEx,173917397,270.0
B,bBRSPx,1317938550,495.0
B,bBRTEx,464413,16.0
B,bBRTHx,864124808,441.0
B,bBRTIx,19042106,97.0
B,bBTAHx,177663754,273.0
B,bBTBWx,354171110,339.0
B,bBTGNx,332060895,332.0
B,bBTGRx,159884963,260.0
B,bBTHHx,7466829,52.0
B,bBTNWx,599975526,404.0
B,bBTPIx,450798141,373.0
B,bBTSPx,1248647911,486.0
B,bBTYWx,514287412,388.0
B,bBUFFx,296483805,326.0
B,bBUORx,94145526,212.0
B,bBUOWx,3241188746,577.0
B,bBUSHx,1002130540,458.0
B,bBWHAx,396928890,353.0
B,bBWTEx,181463158,275.0
B,bBWVIx,6438449,47.0
B,bBWWAx,127984352,237.0
B,bCAAUx,44683636,150.0
B,bCACGx,118634809,231.0
B,bCACHx,1279661319,491.0
B,bCACOx,92734995,210.0
B,bCACWx,508643362,387.0
B,bCAEGx,2280241047,548.0
B,bCAFIx,1211759305,480.0
B,bCAGNx,1855352,30.0
B,bCAGUx,369686095,342.0
B,bCAHUx,325064553,330.0
B,bCAKIx,239494177,305.0
B,bCALTx,136999125,243.0
B,bCANGx,3741924967,586.0
B,bCANTx,402811234,356.0
B,bCANVx,502018942,385.0
B,bCANWx,895455437,444.0
B,bCAQUx,360545382,340.0
B,bCARWx,1090489615,473.0
B,bCASPx,919795271,450.0
B,bCASWx,130826958,240.0
B,bCATEx,47758910,156.0
B,bCATHx,61883091,179.0
B,bCAVIx,283863642,315.0
B,bCAWAx,425086505,365.0
B,bCBCHx,264598933,311.0
B,bCBTHx,572248554,399.0
B,bCCLOx,871421108,442.0
B,bCCSPx,569544552,398.0
B,bCEDWx,4202724741,595.0
B,bCERWx,420020349,364.0
B,bCHRAx,274484504,313.0
B,bCHSPx,4820708796,606.0
B,bCHSWx,4492448223,602.0
B,bCHUKx,743848803,422.0
B,bCITEx,50559781,161.0
B,bCLGRx,25983320,115.0
B,bCLNUx,594032487,403.0
B,bCLRAx,34175897,131.0
B,bCLSWx,4407273988,600.0
B,bCMWAx,138403002,244.0
B,bCOBHx,1028178,23.0
B,bCOEIx,32362484,129.0
B,bCOFLx,371576272,344.0
B,bCOGDx,686787533,415.0
B,bCOGOx,167932950,265.0
B,bCOGRx,1693886441,519.0
B,bCOHAx,6104100874,614.0
B,bCOHUx,208606068,290.0
B,bCOKIx,39186895,141.0
B,bCOLOx,311407802,329.0
B,bCOLWx,104864,7.0
B,bCOMEx,102316821,219.0
B,bCOMOx,158636408,258.0
B,bCOMUx,68005608,183.0
B,bCOMYx,17547050,90.0
B,bCONIx,8074349889,619.0
B,bCONWx,95994697,213.0
B,bCOPAx,14857354,80.0
B,bCOPOx,1719484024,521.0
B,bCORAx,3397758271,581.0
B,bCOREx,1047948312,467.0
B,bCOTEx,131202291,241.0
B,bCOYEx,3456254393,583.0
B,bCRCAx,150933677,251.0
B,bCRTHx,228394087,298.0
B,bCSWAx,172586965,269.0
B,bCWWIx,1090157210,472.0
B,bDCCOx,744348506,423.0
B,bDCFLx,18309779,93.0
B,bDEJUx,2922057308,569.0
B,bDICKx,2419229055,553.0
B,bDOVEx,24173426,111.0
B,bDOWOx,3033596648,573.0
B,bDUFLx,1310227968,493.0
B,bDUGRx,557065479,397.0
B,bDUNLx,107133077,224.0
B,bEABLx,2528709026,561.0
B,bEAGRx,188162278,278.0
B,bEAKIx,5119745368,610.0
B,bEAMEx,2021239321,535.0
B,bEAPHx,965511910,457.0
B,bEASOx,2754477843,565.0
B,bEATOx,1522746968,512.0
B,bEAWPx,1671589532,517.0
B,bELOWx,153149606,254.0
B,bELTEx,17992637,91.0
B,bELTRx,6691578,51.0
B,bETSPx,34710894,135.0
B,bEUCDx,4995814459,607.0
B,bEUSTx,4251689281,596.0
B,bEUWIx,27323920,119.0
B,bEVGRx,1251646019,487.0
B,bEWCSx,4617124942,603.0
B,bFEHAx,2521937538,560.0
B,bFEPOx,32012006,128.0
B,bFICRx,777850004,427.0
B,bFISPx,2560153577,562.0
B,bFLOWx,544469899,394.0
B,bFLSJx,7980080,56.0
B,bFOSPx,1225299221,483.0
B,bFOTEx,220797323,296.0
B,bFRGUx,103335517,221.0
B,bFSSPx,8621231,59.0
B,bFTSPx,54268548,171.0
B,bFUWDx,45394835,153.0
B,bGADWx,1019640376,462.0
B,bGAQUx,352702617,338.0
B,bGBANx,88195600,206.0
B,bGBBGx,122883434,235.0
B,bGBHEx,2080547241,539.0
B,bGBTEx,29390682,125.0
B,bGCFLx,1053674887,468.0
B,bGCKIx,2866255158,567.0
B,bGCRFx,291461018,322.0
B,bGCSPx,18831226,95.0
B,bGCWAx,19744301,102.0
B,bGFWOx,168780861,266.0
B,bGGOWx,176270003,272.0
B,bGHOWx,8906072309,621.0
B,bGIFLx,45731520,155.0
B,bGIWOx,49955803,160.0
B,bGKINx,40165093,145.0
B,bGKISx,38333428,139.0
B,bGLGUx,337679028,335.0
B,bGLIBx,57444928,175.0
B,bGOEAx,2324722043,551.0
B,bGRAJx,288679222,319.0
B,bGRAKx,12630740,73.0
B,bGRAPx,1279596374,490.0
B,bGRCAx,1079094759,471.0
B,bGRCOx,12704340,74.0
B,bGREGx,383118575,347.0
B,bGREJx,16909643,86.0
B,bGREPx,995283,22.0
B,bGRFLx,849520721,439.0
B,bGRHAx,25955796,114.0
B,bGRHEx,574947242,400.0
B,bGRPCx,413000796,360.0
B,bGRPEx,22119590,108.0
B,bGRROx,1068547820,469.0
B,bGRSCx,151281105,252.0
B,bGRSGx,492725528,383.0
B,bGRSPx,1401762995,501.0
B,bGRVIx,415348835,361.0
B,bGRWAx,192938300,281.0
B,bGRYEx,448400702,372.0
B,bGTGRx,2020624173,534.0
B,bGTTOx,1555041674,514.0
B,bGUSGx,12990094,76.0
B,bGWFGx,155493200,255.0
B,bGWGUx,67191381,182.0
B,bGWTEx,939962771,455.0
B,bGWWAx,804292624,431.0
B,bGYRFx,900438556,447.0
B,bHADUx,66283937,181.0
B,bHAFLx,430559611,368.0
B,bHASHx,74688503,190.0
B,bHASPx,613977905,409.0
B,bHAWOx,2428440122,554.0
B,bHBKIx,364014,15.0
B,bHEEGx,39295992,142.0
B,bHERGx,1213061896,481.0
B,bHESPx,351105302,337.0
B,bHETAx,174289861,271.0
B,bHETHx,1998012439,531.0
B,bHEWAx,37901038,138.0
B,bHOFIx,3226003031,576.0
B,bHOGRx,92103840,209.0
B,bHOLAx,4368874386,599.0
B,bHOMEx,192445412,280.0
B,bHOORx,74613897,189.0
B,bHOREx,1379226140,499.0
B,bHOSPx,2513425832,558.0
B,bHOWAx,717374428,417.0
B,bHOWRx,1419296481,503.0
B,bHUVIx,205429041,287.0
B,bICGUx,143656790,247.0
B,bINBUx,2319342807,550.0
B,bINDOx,136727233,242.0
B,bISSJx,196577,10.0
B,bJUTIx,429504706,367.0
B,bKEWAx,396032989,352.0
B,bKIEIx,34398706,133.0
B,bKILLx,2970318809,571.0
B,bKIRAx,75004151,191.0
B,bKIWAx,1356600,25.0
B,bLAGOx,37843051,137.0
B,bLAGUx,202055790,286.0
B,bLALOx,3287089534,578.0
B,bLARBx,1918006030,530.0
B,bLASPx,4635197797,604.0
B,bLAZBx,1328922484,496.0
B,bLBBGx,85813790,201.0
B,bLBCUx,1115215100,474.0
B,bLBDOx,71563028,184.0
B,bLBHEx,104100281,223.0
B,bLBTHx,44566975,149.0
B,bLBWOx,498457416,384.0
B,bLCSPx,825070886,436.0
B,bLCTHx,191883525,279.0
B,bLEBIx,101623743,218.0
B,bLEFLx,677961801,414.0
B,bLEGOx,609148939,407.0
B,bLEGRx,3449899,36.0
B,bLENIx,607412236,406.0
B,bLEOWx,5229319387,611.0
B,bLEPCx,119495510,232.0
B,bLESAx,27603277,120.0
B,bLESCx,186868194,276.0
B,bLESPx,632962,19.0
B,bLETEx,207562960,289.0
B,bLEWOx,435409546,369.0
B,bLEYEx,80280775,198.0
B,bLIGUx,101350128,217.0
B,bLIMPx,74421609,188.0
B,bLISPx,931997234,452.0
B,bLOSHx,5014229417,608.0
B,bLOWAx,78659873,196.0
B,bLTDUx,217648484,295.0
B,bLUHUx,34227983,132.0
B,bLUWAx,143680787,248.0
B,bMABOx,5302179,40.0
B,bMACUx,3118194,35.0
B,bMADUx,1565577,29.0
B,bMAFRx,11989186,70.0
B,bMAGOx,116419458,230.0
B,bMAHUx,8680895,61.0
B,bMALLx,1204215778,479.0
B,bMAMUx,79977764,197.0
B,bMASHx,19808336,104.0
B,bMAWAx,235494249,303.0
B,bMAWRx,187154791,277.0
B,bMCLOx,506187832,386.0
B,bMECHx,325113,14.0
B,bMEGUx,45492865,154.0
B,bMEJAx,18028586,92.0
B,bMERLx,2081213959,540.0
B,bMGWAx,166346112,262.0
B,bMIKIx,827872849,437.0
B,bMIPAx,6375669,45.0
B,bMOBLx,1415436422,502.0
B,bMOCHx,750691497,425.0
B,bMODOx,7062401093,617.0
B,bMODUx,60496522,177.0
B,bMONQx,51769357,164.0
B,bMOPAx,1555634,28.0
B,bMOPLx,516341808,390.0
B,bMOUQx,122820182,234.0
B,bMOWAx,156780943,256.0
B,bMUDUx,170275,9.0
B,bMUSWx,112170119,226.0
B,bNAWAx,589858370,402.0
B,bNECOx,53417342,168.0
B,bNOBOx,2506246143,557.0
B,bNOBTx,8658838,60.0
B,bNOCAx,247901274,307.0
B,bNOCRx,6412642,46.0
B,bNOFLx,4120989832,594.0
B,bNOGOx,2215304636,544.0
B,bNOHAx,4411509842,601.0
B,bNOMOx,6441815152,615.0
B,bNOPAx,299497129,327.0
B,bNOPIx,1867355599,526.0
B,bNOPOx,672759734,413.0
B,bNOWAx,108721803,225.0
B,bNRWSx,3989915579,590.0
B,bNSHOx,717849240,418.0
B,bNSHRx,2415514325,552.0
B,bNSTSx,39386849,143.0
B,bNSWOx,1498890549,511.0
B,bNUWOx,51237382,163.0
B,bOATIx,113758700,228.0
B,bOCWAx,1423852888,505.0
B,bOLSPx,19013064,96.0
B,bOLWAx,19382491,100.0
B,bORORx,2294872690,549.0
B,bOSFLx,898747121,446.0
B,bOSPRx,379525128,346.0
B,bOVENx,626212672,411.0
B,bPABUx,441501248,371.0
B,bPAGPx,1373176,26.0
B,bPAJAx,56405385,173.0
B,bPALOx,53137050,167.0
B,bPAREx,26579494,118.0
B,bPAWAx,428395843,366.0
B,bPBGRx,391313170,350.0
B,bPECOx,53971773,169.0
B,bPEFAx,2910096382,568.0
B,bPHAIx,112870055,227.0
B,bPHVIx,80780757,199.0
B,bPIGRx,1031986349,464.0
B,bPIGUx,8208743,58.0
B,bPIJAx,741467016,421.0
B,bPIPLx,42517601,148.0
B,bPISIx,4073694385,593.0
B,bPIWAx,286057428,316.0
B,bPIWOx,2219826590,545.0
B,bPLCHx,6015536,43.0
B,bPLVIx,362942657,341.0
B,bPRAWx,668914036,412.0
B,bPRFAx,3391139257,580.0
B,bPROWx,129985895,239.0
B,bPSFLx,164963034,261.0
B,bPUFIx,1435730530,507.0
B,bPUGAx,86340150,203.0
B,bPUMAx,2078611161,538.0
B,bPUSAx,52419180,165.0
B,bPYNUx,614947473,410.0
B,bPYRRx,385939713,349.0
B,bRAZOx,25282806,113.0
B,bRBGRx,787256940,429.0
B,bRBGUx,1162323925,476.0
B,bRBMEx,150055850,250.0
B,bRBNUx,1907593139,527.0
B,bRBPIx,480971,17.0
B,bRBSAx,261574492,309.0
B,bRBWOx,1480355535,510.0
B,bRCKIx,3950463379,588.0
B,bRCPAx,18318602,94.0
B,bRCSPx,491308300,381.0
B,bRCWOx,73541716,186.0
B,bRECRx,1692079596,518.0
B,bREDHx,195106464,282.0
B,bREEGx,17156825,87.0
B,bREKNx,12852563,75.0
B,bREPHx,14604248,79.0
B,bREVIx,1595189795,515.0
B,bRFWAx,39160034,140.0
B,bRHAUx,54334439,172.0
B,bRHWOx,2702089426,563.0
B,bRLHAx,3770147280,587.0
B,bRNDUx,289363784,321.0
B,bRNEPx,2082243073,541.0
B,bRNGRx,76970298,193.0
B,bRNSAx,907401865,449.0
B,bROGOx,208727907,291.0
B,bROPIx,766629375,426.0
B,bROSAx,144156,8.0
B,bROSPx,15366338,83.0
B,bROSTx,12240905,72.0
B,bROWRx,2518264332,559.0
B,bROYTx,27993131,122.0
B,bRSHAx,1200019756,478.0
B,bRTBEx,2029978,31.0
B,bRTHAx,7243395898,618.0
B,bRTHUx,1818565663,524.0
B,bRTLOx,19759325,103.0
B,bRUBLx,812656472,432.0
B,bRUDUx,167788735,264.0
B,bRUGRx,1295648171,492.0
B,bRUHUx,295697592,325.0
B,bRUTUx,4063457,38.0
B,bRWBLx,2250743727,546.0
B,bRWSPx,17202500,88.0
B,bSACRx,86194271,202.0
B,bSAGSx,902819852,448.0
B,bSANDx,8819155,62.0
B,bSAPHx,1719213399,520.0
B,bSATEx,48288589,157.0
B,bSATHx,1330088776,497.0
B,bSAVSx,3167170543,575.0
B,bSBAOx,216583,12.0
B,bSBDOx,25069455,112.0
B,bSBFLx,85286,5.0
B,bSBORx,5410738,41.0
B,bSCORx,392917709,351.0
B,bSCQUx,408219689,358.0
B,bSCTAx,937395361,454.0
B,bSEOWx,5091794005,609.0
B,bSEPLx,166443486,263.0
B,bSESPx,32957527,130.0
B,bSEWRx,335536827,333.0
B,bSHCOx,12032324,71.0
B,bSMLOx,490144599,380.0
B,bSNBUx,2029641443,536.0
B,bSNEGx,228446137,299.0
B,bSNGOx,820223439,434.0
B,bSNKIx,13637425,77.0
B,bSNOWx,1438098153,508.0
B,bSNPLx,9216327,64.0
B,bSOGRx,77830107,195.0
B,bSORAx,158119144,257.0
B,bSOSAx,7911647,55.0
B,bSOSPx,3651420933,585.0
B,bSOTEx,15745881,84.0
B,bSPDOx,11935233,69.0
B,bSPGRx,206014356,288.0
B,bSPOWx,197471919,283.0
B,bSPPIx,292335101,323.0
B,bSPSAx,1660184253,516.0
B,bSPTOx,1430652063,506.0
B,bSSHAx,5557403336,612.0
B,bSSTSx,19153269,98.0
B,bSTFLx,1040730299,466.0
B,bSTGRx,781505611,428.0
B,bSTHAx,6648123,50.0
B,bSTJAx,925661244,451.0
B,bSTKIx,232559957,302.0
B,bSTSAx,26128956,116.0
B,bSURFx,819402,20.0
B,bSUSCx,50866142,162.0
B,bSUTAx,1236442541,485.0
B,bSWHAx,4010602330,591.0
B,bSWSPx,265762389,312.0
B,bSWTHx,600176238,405.0
B,bSWWAx,289030528,320.0
B,bTACRx,9429956,65.0
B,bTBKIx,6458008,48.0
B,bTBMUx,21377712,107.0
B,bTEWAx,144068227,249.0
B,bTHGUx,287491839,318.0
B,bTOSOx,889937216,443.0
B,bTOWAx,373413043,345.0
B,bTRBLx,5060730,39.0
B,bTRESx,1256781051,488.0
B,bTRHEx,44813443,151.0
B,bTRKIx,51004,1.0
B,bTRPAx,14973435,82.0
B,bTRUSx,49417440,158.0
B,bTUPUx,30477075,126.0
B,bTUTIx,1840958164,525.0
B,bTUVUx,8149437717,620.0
B,bUPSAx,813483341,433.0
B,bVABUx,100976692,216.0
B,bVASWx,171821475,268.0
B,bVATHx,534460746,391.0
B,bVCHUx,23381553,109.0
B,bVEERx,515441557,389.0
B,bVEFLx,406652724,357.0
B,bVERDx,483852201,377.0
B,bVESPx,2981846490,572.0
B,bVGSWx,1273584752,489.0
B,bVIRAx,168949019,267.0
B,bVIWAx,553013860,396.0
B,bWATAx,67515,2.0
B,bWAVIx,1130215412,475.0
B,bWBNUx,2000176964,532.0
B,bWCPIx,2975660,34.0
B,bWCSEx,2373291,33.0
B,bWEBLx,485175378,378.0
B,bWEGRx,73752473,187.0
B,bWEGUx,56920496,174.0
B,bWEKIx,2045214008,537.0
B,bWEMEx,3543192307,584.0
B,bWESAx,11883389,68.0
B,bWESJx,536092483,393.0
B,bWESOx,336798117,334.0
B,bWETAx,830266902,438.0
B,bWEVIx,1030852025,463.0
B,bWEWAx,535055502,392.0
B,bWEWPx,1003773395,459.0
B,bWFIBx,237929188,304.0
B,bWHCRx,29360616,124.0
B,bWHIBx,88192774,205.0
B,bWHIMx,31161396,127.0
B,bWHSOx,5775070,42.0
B,bWHSWx,97295319,215.0
B,bWHWOx,96547672,214.0
B,bWIFLx,87359347,204.0
B,bWILLx,821614162,435.0
B,bWIPHx,293397817,324.0
B,bWIPLx,26159980,117.0
B,bWISAx,492620070,382.0
B,bWISNx,1077103758,470.0
B,bWITUx,3964115294,589.0
B,bWIWAx,489089744,379.0
B,bWIWRx,1916505221,529.0
B,bWODUx,453043686,374.0
B,bWOSTx,91747788,208.0
B,bWOTHx,1224349053,482.0
B,bWPWIx,1421157428,504.0
B,bWRENx,143643100,246.0
B,bWTDOx,3826012,37.0
B,bWTHAx,76365214,192.0
B,bWTKIx,214928399,293.0
B,bWTPTx,19538481,101.0
B,bWTSPx,2711071102,564.0
B,bWTSWx,1780498933,522.0
B,bWWCRx,745406962,424.0
B,bWWDOx,728035349,419.0
B,bWWSCx,64616013,180.0
B,bXAMUx,20520868,106.0
B,bYBCHx,1474066106,509.0
B,bYBCUx,794575708,430.0
B,bYBFLx,102912457,220.0
B,bYBMAx,44869479,152.0
B,bYBSAx,1397139238,500.0
B,bYCNHx,462556488,376.0
B,bYEJUx,23692085,110.0
B,bYERAx,198503125,285.0
B,bYFGUx,1103029,24.0
B,bYGVIx,491060,18.0
B,bYHBLx,242414754,306.0
B,bYRWAx,4346885037,598.0
B,bYTVIx,397792846,354.0
B,bYTWAx,283637379,314.0
B,bYWARx,1172058973,477.0
B,bZTHAx,139422614,245.0
M,mABBEx,1547372034,322.0
M,mABEBx,143368730,180.0
M,mABSQx,97954973,154.0
M,mACRAx,21076434,71.0
M,mACSHx,63406987,127.0
M,mAGSQx,33550395,95.0
M,mAHNSx,619230397,264.0
M,mAKRAx,29824045,89.0
M,mALCHx,5568188,37.0
M,mALWOx,169148486,192.0
M,mAMBAx,3310132313,352.0
M,mAMBEx,496599456,247.0
M,mAMMAx,361678245,224.0
M,mAMMIx,200272488,204.0
M,mANJAx,62584668,126.0
M,mAPCOx,75482612,142.0
M,mAPGOx,27352113,83.0
M,mAPMOx,78870512,145.0
M,mAPSHx,509731219,250.0
M,mARMYx,65272944,130.0
M,mARSHx,7066,1.0
M,mAWSHx,123984367,168.0
M,mAZWOx,117461560,163.0
M,mBASHx,14624951,59.0
M,mBBBAx,8913434930,365.0
M,mBCPMx,5587617,38.0
M,mBDSHx,27959546,85.0
M,mBEDEx,1144373,19.0
M,mBEWOx,44492018,109.0
M,mBFFEx,18113943,65.0
M,mBFMOx,41518181,103.0
M,mBFTBx,988838259,292.0
M,mBGSQx,268123945,213.0
M,mBISHx,1369211191,309.0
M,mBISOx,11533569,53.0
M,mBOBCx,4975068915,360.0
M,mBOGOx,1376247381,310.0
M,mBPGOx,126991225,171.0
M,mBPMOx,115168571,161.0
M,mBRBEx,109299014,159.0
M,mBRDEx,624833217,265.0
M,mBRRAx,157518497,190.0
M,mBRRTx,198817603,203.0
M,mBTJAx,2609639539,346.0
M,mBTKRx,186765532,198.0
M,mBTWOx,1545822410,321.0
M,mCADEx,44335927,107.0
M,mCALYx,420568310,232.0
M,mCAMYx,2289916729,337.0
M,mCARIx,2041552,25.0
M,mCASEx,55818892,120.0
M,mCASQx,392271220,227.0
M,mCAVOx,70415019,134.0
M,mCCDEx,556770907,256.0
M,mCFCHx,5867488,40.0
M,mCGGSx,26855332,80.0
M,mCGMOx,172567517,194.0
M,mCGSHx,4266579,32.0
M,mCHITx,65360189,131.0
M,mCHPMx,116972752,162.0
M,mCISHx,2891692884,348.0
M,mCKRAx,49890245,117.0
M,mCLCHx,360040676,223.0
M,mCLEBx,173359976,195.0
M,mCLOBx,55873238,121.0
M,mCMMUx,464661399,242.0
M,mCNDEx,679032817,267.0
M,mCOCHx,124546900,169.0
M,mCODEx,229800708,208.0
M,mCOORx,261298,4.0
M,mCOPEx,257894223,212.0
M,mCOSQx,189915698,200.0
M,mCOUGx,2581504044,344.0
M,mCOYOx,7765420928,364.0
M,mCOYPx,110617362,160.0
M,mCPGOx,6679873,43.0
M,mCPMOx,82262400,146.0
M,mCRGSx,1175391515,301.0
M,mCRVOx,130419587,175.0
M,mCSMOx,208817956,205.0
M,mCTKRx,293394344,216.0
M,mCTPGx,23963837,78.0
M,mCVMYx,567734377,259.0
M,mDECOx,1450972156,315.0
M,mDEWOx,593085025,263.0
M,mDFWOx,127266802,172.0
M,mDKMOx,165515466,191.0
M,mDKRAx,46826379,114.0
M,mDOSQx,45910767,112.0
M,mDPGOx,43572815,105.0
M,mDPMOx,169153541,193.0
M,mDUSHx,1256888745,306.0
M,mDWSHx,712527993,269.0
M,mDZRAx,12563182,55.0
M,mEACHx,1091758056,298.0
M,mEACOx,855823718,283.0
M,mEAMOx,1562913286,323.0
M,mEAPIx,3367738904,353.0
M,mEAWOx,430686233,235.0
M,mEBSQx,1389630201,312.0
M,mEFSQx,957811161,290.0
M,mEHMOx,413140083,231.0
M,mEHVOx,5017879,34.0
M,mELK1x,1385546003,311.0
M,mERBAx,2494295400,340.0
M,mERMIx,964496225,291.0
M,mESFMx,810634819,278.0
M,mESSKx,1880126209,330.0
M,mESTSx,365614637,225.0
M,mEVBAx,2130591733,335.0
M,mFADEx,8397323,47.0
M,mFBBAx,21771800,74.0
M,mFGSQx,156480665,188.0
M,mFHMOx,224829674,207.0
M,mFISHx,156923717,189.0
M,mFLDEx,6537250,42.0
M,mFOSHx,72174687,138.0
M,mFRMYx,2095046414,334.0
M,mGBBAx,214012451,206.0
M,mGBPMx,647708446,266.0
M,mGCCHx,25032167,79.0
M,mGCKRx,50401199,118.0
M,mGEMSx,5819156,39.0
M,mGFCHx,14135047,57.0
M,mGFSEx,38990981,101.0
M,mGKRAx,2549129,28.0
M,mGMGSx,718715397,272.0
M,mGOMOx,562445416,257.0
M,mGPDOx,174358540,196.0
M,mGRFOx,3019877540,351.0
M,mGRMYx,447515174,239.0
M,mGRWOx,527917226,254.0
M,mGTVOx,8709061,48.0
M,mHASEx,78054464,144.0
M,mHASQx,122956776,167.0
M,mHCRAx,1169242469,300.0
M,mHITAx,819497,14.0
M,mHKRAx,36899448,98.0
M,mHOBAx,5767656743,362.0
M,mHOCHx,71054461,137.0
M,mHOMAx,15311894,60.0
M,mHOMOx,192820669,201.0
M,mHORSx,194354812,202.0
M,mHOSKx,28292023,88.0
M,mHPMOx,991242405,293.0
M,mHTMOx,394986465,228.0
M,mIGSQx,995066,17.0
M,mINMYx,356057770,222.0
M,mINSHx,27306177,82.0
M,mIPGOx,69553195,133.0
M,mISFOx,929893,15.0
M,mJAGDx,1025995,18.0
M,mJAGUx,31343112,92.0
M,mJFEBx,501922,9.0
M,mKEMYx,13991453,56.0
M,mKIFOx,915837433,287.0
M,mKJPGx,27963492,86.0
M,mLBMYx,2546374332,343.0
M,mLECHx,1428521849,313.0
M,mLEMYx,1475175657,316.0
M,mLEWEx,939747451,289.0
M,mLLMYx,1973544041,332.0
M,mLOCHx,30151867,90.0
M,mLOECx,22884425,75.0
M,mLPMOx,278643263,214.0
M,mLTPMx,255626233,211.0
M,mLTSHx,77792617,143.0
M,mLTVOx,789083100,276.0
M,mLTWEx,3704294186,356.0
M,mMAORx,134774421,179.0
M,mMARAx,107668995,158.0
M,mMEDEx,5332280,35.0
M,mMESHx,1322857702,307.0
M,mMESQx,458257002,241.0
M,mMEVOx,731619456,273.0
M,mMEWOx,454468261,240.0
M,mMFSQx,1848691,24.0
M,mMFTBx,4026145038,358.0
M,mMGSQx,91264387,151.0
M,mMGVOx,72320964,139.0
M,mMJMOx,148003191,184.0
M,mMKRAx,531980602,255.0
M,mMLNBx,17172143,62.0
M,mMLSHx,759543,13.0
M,mMLTBx,30418319,91.0
M,mMMCHx,44518193,110.0
M,mMOCOx,1204496356,303.0
M,mMOGOx,27048195,81.0
M,mMOOSx,572326726,260.0
M,mMOSQx,18767508,66.0
M,mMOVOx,526397362,252.0
M,mMPGOx,11677946,54.0
M,mMPMOx,445201467,238.0
M,mMRSHx,99886599,155.0
M,mMSPMx,1840446,23.0
M,mMUDEx,2361997186,338.0
M,mNADEx,2446389111,339.0
M,mNALSx,1699656275,327.0
M,mNAPOx,4342462223,359.0
M,mNAROx,527140525,253.0
M,mNASQx,86386,2.0
M,mNAWVx,43633940,106.0
M,mNBARx,2007008160,333.0
M,mNBDEx,21179498,72.0
M,mNBLEx,70805449,136.0
M,mNESEx,51168734,119.0
M,mNFKRx,7706010,46.0
M,mNFSEx,2409503,27.0
M,mNFSQx,766783887,274.0
M,mNGCOx,5878455,41.0
M,mNGMOx,1665509068,326.0
M,mNMSHx,990991,16.0
M,mNODEx,73375717,140.0
M,mNOMYx,1219414379,304.0
M,mNOSSx,3015128936,350.0
M,mNPGOx,1519914563,319.0
M,mNPMOx,70497786,135.0
M,mNPYMx,20087525,68.0
M,mNRDEx,444431310,237.0
M,mNYBAx,574794587,261.0
M,mOBPMx,486135174,244.0
M,mOCELx,601283,10.0
M,mOKRAx,1527495743,320.0
M,mOLDEx,152619914,186.0
M,mOLMAx,656952,11.0
M,mORSHx,104425437,157.0
M,mPABAx,2546260600,342.0
M,mPACHx,274157,5.0
M,mPASHx,37049874,99.0
M,mPBSHx,474952074,243.0
M,mPFTBx,121785296,166.0
M,mPGFBx,27524685,84.0
M,mPGSQx,341354845,221.0
M,mPHMOx,821465754,280.0
M,mPIDEx,838388119,281.0
M,mPIKAx,65470328,132.0
M,mPJMOx,128333379,173.0
M,mPKMOx,59878243,125.0
M,mPKRAx,40144853,102.0
M,mPMBAx,314002,7.0
M,mPNCHx,14389155,58.0
M,mPPGOx,1199533133,302.0
M,mPPMOx,819761402,279.0
M,mPRONx,1498447460,317.0
M,mPRSHx,500676352,249.0
M,mPRVOx,939075108,288.0
M,mPTPDx,717138494,270.0
M,mPYRAx,297767173,218.0
M,mRACCx,5317704957,361.0
M,mRBEBx,868472352,284.0
M,mRBSQx,208161,3.0
M,mREFOx,2514947400,341.0
M,mRESQx,1115860974,299.0
M,mRGSQx,405271215,230.0
M,mRINGx,1368921030,308.0
M,mROCOx,1435160,22.0
M,mRORAx,74977398,141.0
M,mROSQx,1236100039,305.0
M,mROVOx,121115182,164.0
M,mRPMOx,147027741,182.0
M,mRTCHx,89467365,150.0
M,mRTGSx,145247906,181.0
M,mRTMUx,34558046,97.0
M,mRTVOx,34201538,96.0
M,mSACOx,46471339,113.0
M,mSADEx,19469051,67.0
M,mSAMBx,49600229,115.0
M,mSAVOx,424754051,233.0
M,mSBLEx,563406345,258.0
M,mSDPMx,21344214,73.0
M,mSEBAx,704218631,268.0
M,mSEGOx,84428363,147.0
M,mSEMYx,495714925,246.0
M,mSEOTx,3293970,30.0
M,mSEWEx,32705318,93.0
M,mSFSQx,1444943629,314.0
M,mSGMOx,372954932,226.0
M,mSGSQx,771594174,275.0
M,mSHBAx,2935504427,349.0
M,mSHCHx,59714795,124.0
M,mSHMOx,131908989,178.0
M,mSICHx,23091323,76.0
M,mSIKAx,20342735,69.0
M,mSJKRx,5536348,36.0
M,mSJPMx,32982911,94.0
M,mSKRAx,2985072,29.0
M,mSLMOx,718439224,271.0
M,mSMHMx,421725,8.0
M,mSMSHx,237470135,209.0
M,mSNHAx,1039195379,294.0
M,mSNMOx,496883968,248.0
M,mSOCHx,45011373,111.0
M,mSOTSx,907049180,286.0
M,mSPBAx,1519273304,318.0
M,mSPGOx,1420699,21.0
M,mSPMOx,23277971,77.0
M,mSPOGx,296246,6.0
M,mSPSHx,590036302,262.0
M,mSPWOx,433108879,236.0
M,mSRBVx,841299071,282.0
M,mSSLIx,17903124,63.0
M,mSTSKx,7252391075,363.0
M,mSTVOx,16792354,61.0
M,mSTWOx,64315716,128.0
M,mSWFOx,329636037,220.0
M,mSWMYx,59329979,123.0
M,mSWRAx,131158089,176.0
M,mSYBAx,10457067,52.0
M,mTASQx,131888576,177.0
M,mTBCRx,64343840,129.0
M,mTBEBx,3477521201,355.0
M,mTGSQx,8940402,49.0
M,mTKRAx,4061008,31.0
M,mTLGSx,2735205800,347.0
M,mTOCHx,93273583,153.0
M,mTOMOx,102998291,156.0
M,mTOVOx,28027745,87.0
M,mTPGOx,87316718,148.0
M,mTRSHx,49762525,116.0
M,mTXDEx,128738505,174.0
M,mTXGOx,38359525,100.0
M,mUGSQx,126200935,170.0
M,mUICHx,149315739,185.0
M,mUMBAx,2284091,26.0
M,mUPDOx,9582191,51.0
M,mVASHx,877907459,285.0
M,mVIOPx,3943450182,357.0
M,mWADEx,280203250,215.0
M,mWASQx,7432931,45.0
M,mWBBAx,9388548,50.0
M,mWEMOx,88258436,149.0
M,mWEPIx,1838549887,328.0
M,mWEPMx,732637,12.0
M,mWFDEx,1580828468,324.0
M,mWFVOx,44471169,108.0
M,mWGSQx,183216688,197.0
M,mWHMOx,1856094498,329.0
M,mWHVOx,303645946,219.0
M,mWIBOx,1055251041,296.0
M,mWIMAx,59118703,122.0
M,mWJMOx,147254533,183.0
M,mWOLVx,121656982,165.0
M,mWOODx,2608830139,345.0
M,mWOVOx,1063016953,297.0
M,mWPGOx,18023969,64.0
M,mWRBAx,21006855,70.0
M,mWRBVx,91813826,152.0
M,mWSFMx,516442511,251.0
M,mWSJAx,1377532,20.0
M,mWSSKx,1971324910,331.0
M,mWTASx,796659939,277.0
M,mWTDEx,3396591241,354.0
M,mWTHWx,491552813,245.0
M,mWTJAx,1602060324,325.0
M,mWTPDx,188936323,199.0
M,mWTWOx,296510950,217.0
M,mWYBAx,155506001,187.0
M,mWYGOx,4541520,33.0
M,mWYSQx,253976262,210.0
M,mYCCHx,7383612,44.0
M,mYEMAx,1047495615,295.0
M,mYFPGx,400969365,229.0
M,mYNCRx,42174242,104.0
M,mYPCHx,429591515,234.0
M,mYUMYx,2237661440,336.0
R,rALTUx,1544073,31.0
R,rAMALx,196974970,204.0
R,rANLIx,1903261,35.0
R,rAQGAx,2278571,42.0
R,rARBCx,220692,10.0
R,rASTUx,71353881,151.0
R,rASWHx,4638593,62.0
R,rAZTUx,8086,2.0
R,rBARAx,92639693,164.0
R,rBCBLx,4950205,66.0
R,rBCCLx,11170581,89.0
R,rBCCOx,2660651,46.0
R,rBCRAx,1393530,30.0
R,rBHLIx,90908290,163.0
R,rBHSKx,747272178,280.0
R,rBKMTx,434136,16.0
R,rBLSSx,87494088,161.0
R,rBMTUx,686924,24.0
R,rBNGAx,599347386,266.0
R,rBNLIx,2308593,44.0
R,rBNLLx,9775451,86.0
R,rBOTUx,3534263,54.0
R,rBRLIx,5059485,67.0
R,rBRVIx,503664,20.0
R,rBRVWx,1579284,32.0
R,rBRWAx,108991530,168.0
R,rBTRAx,422996977,250.0
R,rBTURx,47454855,131.0
R,rBUGAx,17862244,104.0
R,rCAISx,76496737,153.0
R,rCALIx,2045240,36.0
R,rCBHSx,4860509,65.0
R,rCCHUx,234035371,223.0
R,rCCHWx,3683088,58.0
R,rCCWHx,304620425,234.0
R,rCDFLx,8741967,82.0
R,rCESNx,639170,23.0
R,rCFLSx,731264028,279.0
R,rCFTLx,1674122,33.0
R,rCHGAx,78141464,156.0
R,rCHNIx,773850191,284.0
R,rCHNSx,162576122,193.0
R,rCHTUx,145818679,187.0
R,rCKINx,2741050397,317.0
R,rCLELx,1232322464,304.0
R,rCLIZx,43118116,126.0
R,rCLLIx,502282,19.0
R,rCLSLx,139675751,183.0
R,rCMKIx,143754955,184.0
R,rCMTUx,3664834,57.0
R,rCNIGx,121947828,174.0
R,rCOACx,1652938683,312.0
R,rCOGAx,2691493467,316.0
R,rCOPPx,1150832165,300.0
R,rCOSKx,44689687,129.0
R,rCOSLx,1562348926,309.0
R,rCOTTx,217854463,219.0
R,rCOWAx,2137743,40.0
R,rCROCx,13113415,93.0
R,rCRSLx,284199343,232.0
R,rCSBLx,1422323196,308.0
R,rCSPWx,420074074,249.0
R,rCSWHx,6083232,73.0
R,rCWHIx,248087456,226.0
R,rDBTEx,137548175,182.0
R,rDBWAx,216434700,218.0
R,rDEBRx,3316298446,319.0
R,rDEIGx,194587949,203.0
R,rDENIx,993093300,289.0
R,rDETOx,210825456,215.0
R,rDGWHx,67686291,147.0
R,rDHLIx,607430039,268.0
R,rDHNSx,52822062,136.0
R,rDNLIx,214616623,216.0
R,rDSALx,5135875,68.0
R,rDSLIx,562648551,264.0
R,rEAFOx,9673160,85.0
R,rEARAx,569907357,265.0
R,rEARIx,353288149,240.0
R,rEBTUx,1062403976,293.0
R,rECLIx,1041613797,292.0
R,rEDBRx,147062087,188.0
R,rEELIx,21300593,109.0
R,rEFLIx,2105950247,315.0
R,rEGLIx,63473824,145.0
R,rEHNSx,1188744679,302.0
R,rEISNx,48749970,133.0
R,rEMDTx,210629686,214.0
R,rEMSTx,244134376,225.0
R,rEMTUx,962189,26.0
R,rEPNSx,360546618,242.0
R,rEWSNx,714963518,277.0
R,rFCSNx,12794804,92.0
R,rFGWAx,70787930,150.0
R,rFHSNx,663306846,273.0
R,rFLBRx,116359516,170.0
R,rFLMTx,728081,25.0
R,rFLSKx,17231288,102.0
R,rFLSOx,2368982,45.0
R,rFLWOx,13190830,94.0
R,rFMTUx,17505144,103.0
R,rFRBCx,20498623,106.0
R,rFSLIx,3604473,56.0
R,rFSSKx,4313299,60.0
R,rFTHLx,16540918,101.0
R,rGBCLx,454245203,252.0
R,rGBKIx,89564839,162.0
R,rGCRSx,118039391,172.0
R,rGCSNx,64513002,146.0
R,rGCWHx,3573709,55.0
R,rGELIx,470198855,253.0
R,rGHLIx,35590617,119.0
R,rGIGAx,11878667,90.0
R,rGIMOx,209753399,212.0
R,rGISKx,123459996,175.0
R,rGLSNx,869648282,287.0
R,rGLSWx,58206509,141.0
R,rGNLIx,7394162,78.0
R,rGNRAx,10050559,87.0
R,rGNSLx,5591632,71.0
R,rGOPHx,4617109513,321.0
R,rGOTOx,167265721,196.0
R,rGPRAx,513336808,258.0
R,rGPSKx,720546776,278.0
R,rGPSLx,14421266,97.0
R,rGRANx,700492867,275.0
R,rGRRAx,996795106,291.0
R,rGSHLx,1366492353,307.0
R,rGSTUx,135031784,180.0
R,rHACOx,117283119,171.0
R,rHSTUx,159444148,192.0
R,rIGLIx,29924578,115.0
R,rINLIx,123616,6.0
R,rKELIx,36496391,123.0
R,rKISNx,38295851,125.0
R,rKRSTx,128944223,176.0
R,rLASWx,29112359,114.0
R,rLBSKx,1217725340,303.0
R,rLEATx,178287731,198.0
R,rLISNx,318243390,237.0
R,rLISWx,316449194,236.0
R,rLMTUx,26645949,113.0
R,rLNLLx,813416382,286.0
R,rLNSNx,995943774,290.0
R,rLOGTx,156120367,189.0
R,rLOPIx,35833723,120.0
R,rLTBLx,136430733,181.0
R,rLWWHx,1359080,29.0
R,rMALIx,6759890,77.0
R,rMASSx,520390770,259.0
R,rMBHSx,6588654,76.0
R,rMEGAx,315653,14.0
R,rMFTLx,38169778,124.0
R,rMGLIx,56221900,139.0
R,rMHNSx,233026243,222.0
R,rMILKx,4057765207,320.0
R,rMLSKx,749955421,281.0
R,rMORAx,274592244,230.0
R,rMOSKx,48958729,134.0
R,rMPSLx,273907,13.0
R,rMSWAx,43928387,127.0
R,rMTSKx,3101059,51.0
R,rNALIx,201606940,206.0
R,rNARAx,5398864437,322.0
R,rNHGAx,166189,8.0
R,rNMTHx,376466406,245.0
R,rNMTUx,8931070,83.0
R,rNMWHx,115642345,169.0
R,rNRBCx,20931017,108.0
R,rNRBOx,1077898338,294.0
R,rNWATx,340100736,239.0
R,rNWGAx,70436468,149.0
R,rOBTUx,1620173359,311.0
R,rOMTUx,25169590,112.0
R,rORSTx,35564478,118.0
R,rORWHx,5578172,70.0
R,rOTLIx,475256505,254.0
R,rPALIx,9656496,84.0
R,rPASWx,23401703,111.0
R,rPATUx,225155750,221.0
R,rPBHSx,772437167,283.0
R,rPBWAx,133461573,179.0
R,rPCOOx,8098836,79.0
R,rPFLIx,531367024,262.0
R,rPHNSx,1133103405,297.0
R,rPINEx,205752377,209.0
R,rPLGAx,525523390,261.0
R,rPLSWx,301751092,233.0
R,rPLTGx,3400950,53.0
R,rPLWHx,20724049,107.0
R,rPMTUx,126976,7.0
R,rPOSLx,182690419,199.0
R,rPRATx,410483087,248.0
R,rPRRAx,2009072346,314.0
R,rPRSKx,187569393,201.0
R,rPSHLx,210419533,213.0
R,rPWLIx,44220310,128.0
R,rQUEEx,333641603,238.0
R,rRASNx,107163600,167.0
R,rRAWHx,2286849,43.0
R,rRBGEx,8255591,81.0
R,rRBLIx,47916130,132.0
R,rRBMTx,15474718,98.0
R,rRBMUx,216255031,217.0
R,rRBSNx,550026233,263.0
R,rRBSSx,4835427,64.0
R,rRBWHx,16338286,100.0
R,rRCLIx,32997519,116.0
R,rRDRAx,15659602,99.0
R,rRECOx,305686840,235.0
R,rREGEx,1699598,34.0
R,rRFMTx,23487,3.0
R,rRGCOx,461789,17.0
R,rRHLIx,71556223,152.0
R,rRICOx,53081554,137.0
R,rRMTUx,264093,12.0
R,rRNRAx,523543,21.0
R,rRNSNx,3293144483,318.0
R,rROBOx,168462584,197.0
R,rROEAx,780761815,285.0
R,rROGRx,603207842,267.0
R,rRRATx,44890971,130.0
R,rRRCSx,1121255,27.0
R,rRTHLx,399591463,247.0
R,rSALSx,34954500,117.0
R,rSANLx,5746,1.0
R,rSAWAx,22869714,110.0
R,rSBGEx,542136,22.0
R,rSBHSx,500384597,256.0
R,rSBLIx,10826875,88.0
R,rSBRAx,156863007,191.0
R,rSCARx,489405026,255.0
R,rSCLIx,36000965,121.0
R,rSCSNx,4690997,63.0
R,rSCWHx,61345511,143.0
R,rSESNx,252306370,227.0
R,rSFLSx,166762618,195.0
R,rSGLIx,1153023398,301.0
R,rSHGAx,3040068,50.0
R,rSHNSx,79319528,158.0
R,rSIDEx,203018095,207.0
R,rSIGAx,3928990,59.0
R,rSINLx,2051742,37.0
R,rSLCOx,105034387,166.0
R,rSLRAx,1844652747,313.0
R,rSMEAx,765862214,282.0
R,rSMGRx,522681569,260.0
R,rSMKIx,121172226,173.0
R,rSMSOx,13422277,95.0
R,rSNTUx,622059079,270.0
R,rSOALx,184307246,200.0
R,rSOCOx,86904907,160.0
R,rSOMTx,375509,15.0
R,rSOPTx,60897337,142.0
R,rSOWAx,144000066,186.0
R,rSOWHx,78380654,157.0
R,rSPLIx,2113694,39.0
R,rSPLSx,131260259,178.0
R,rSPRAx,489393,18.0
R,rSPSNx,162831545,194.0
R,rSPSOx,242097423,224.0
R,rSPTUx,371581548,244.0
R,rSRATx,263752801,228.0
R,rSRBOx,2843781,48.0
R,rSSNSx,5769986,72.0
R,rSSWHx,13512672,96.0
R,rSTELx,156380473,190.0
R,rSTMTx,77171380,155.0
R,rSTRAx,99275095,165.0
R,rSTSNx,3367183,52.0
R,rSTWHx,1093846472,295.0
R,rSUCOx,180294,9.0
R,rTALIx,76590019,154.0
R,rTBHSx,20337248,105.0
R,rTEGAx,1595333689,310.0
R,rTERAx,682215313,274.0
R,rTHLIx,661213560,272.0
R,rTHNSx,12787431,91.0
R,rTIRAx,1137049247,299.0
R,rTIWHx,711709261,276.0
R,rTMTUx,250731,11.0
R,rTPRAx,143774491,185.0
R,rTRATx,61449827,144.0
R,rTSGAx,6256165,74.0
R,rTSLIx,206479105,211.0
R,rTSRAx,1229031,28.0
R,rTSSLx,204395161,208.0
R,rTSSNx,2107402,38.0
R,rTXBGx,129914642,177.0
R,rTXCOx,2950350,49.0
R,rTXCSx,191566667,202.0
R,rTXLYx,52745441,135.0
R,rTXTHx,353852678,241.0
R,rTXTOx,68042904,148.0
R,rVASAx,57970288,140.0
R,rWBGEx,383376642,246.0
R,rWBHSx,55072756,138.0
R,rWDBRx,1135745145,298.0
R,rWEFOx,503264809,257.0
R,rWELYx,363228008,243.0
R,rWERAx,1287534344,305.0
R,rWERIx,205805313,210.0
R,rWESKx,656413584,271.0
R,rWETHx,451837503,251.0
R,rWEWOx,197026436,205.0
R,rWFLIx,945253264,288.0
R,rWGROx,1107535437,296.0
R,rWNLIx,2794256,47.0
R,rWOSLx,6271552,75.0
R,rWOTUx,86328824,159.0
R,rWPNSx,616455277,269.0
R,rWPTUx,8133420,80.0
R,rWSNSx,223087403,220.0
R,rYBHSx,99687,4.0
R,rYBKIx,1301776881,306.0
R,rYBMTx,102728,5.0
R,rYBSLx,281539823,231.0
R,rYFTLx,5396464,69.0
R,rYHGEx,2213655,41.0
R,rYMTUx,36078638,122.0
R,rYSLIx,4549422,61.0
R,rZTLIx,265770779,229.0
